代码,名称,现价,涨幅%,量比,换手率%,MA60,MA60乖离%,回调幅度%,综合评分
300211,亿通科技,7.72,+0.00,25.49,0.00,7.20,7.22,4.10,69.08
000513,丽珠集团,32.23,+0.00,5.81,0.00,29.05,10.95,2.30,68.94
002959,小熊电器,35.55,+0.00,5.03,0.00,33.05,7.56,4.33,62.97
000503,国新健康,7.72,+0.00,4.80,0.00,6.94,11.16,2.89,61.91
300890,翔丰华,27.17,+0.00,4.33,0.00,26.18,3.80,1.84,61.74
300450,先导智能,33.76,+0.00,3.78,0.00,33.26,1.51,0.71,59.83
603602,纵横通信,12.71,+0.00,4.38,0.00,11.14,14.13,0.00,59.30
300340,科恒股份,9.18,+0.00,5.05,0.00,8.45,8.65,7.92,58.77
300501,海顺新材,10.90,+0.00,4.04,0.00,10.19,6.94,3.28,58.32
301513,尚水智能,51.42,+0.00,3.17,0.00,47.95,7.23,0.00,57.02
002866,传艺科技,15.36,+0.00,2.86,0.00,14.71,4.39,0.00,55.15
600152,维科技术,8.32,+0.00,3.15,0.00,7.96,4.49,2.23,54.22
603630,拉芳家化,15.57,+0.00,2.67,0.00,14.32,8.75,0.00,53.99
002799,环球印务,7.55,+0.00,3.49,0.00,6.60,14.40,0.00,53.65
603017,中衡设计,10.20,+0.00,3.31,0.00,9.50,7.38,3.77,53.35
300198,*ST纳川,2.41,+0.00,3.15,0.00,2.23,8.01,3.60,52.56
301168,通灵股份,41.47,+0.00,2.63,0.00,40.76,1.75,1.03,52.56
301152,天力锂能,22.49,+0.00,3.59,0.00,20.94,7.39,6.10,52.23
300075,数字政通,10.77,+0.00,3.26,0.00,10.77,0.03,4.61,52.02
002773,康弘药业,22.35,+0.00,2.94,0.00,21.31,4.86,3.16,51.85
002474,榕基软件,6.73,+0.00,2.73,0.00,6.22,8.21,2.18,51.77
301599,理奇智能,33.18,+0.00,3.10,0.00,34.00,2.41,4.21,51.55
301103,何氏眼科,17.02,+0.00,3.00,0.00,16.22,4.96,4.22,50.93
301382,蜂助手,39.97,+0.00,2.38,0.00,37.90,5.45,1.31,50.73
301023,奕帆传动,30.18,+0.00,2.28,0.00,28.67,5.26,0.89,50.62
603170,宝立食品,13.53,+0.00,2.47,0.00,12.31,9.89,1.96,50.49
688685,迈信林,39.70,+0.00,2.23,0.00,39.95,0.63,1.07,50.10
688517,金冠电气,18.27,+0.00,3.18,0.00,15.82,15.50,0.33,50.10
603529,爱玛科技,21.80,+0.00,2.07,0.00,20.87,4.46,0.30,50.09
301017,漱玉平民,14.04,+0.00,2.00,0.00,13.10,7.18,0.07,49.89
603665,康隆达,24.32,+0.00,1.96,0.00,22.23,9.39,0.65,48.97
301038,深水规院,17.41,+0.00,3.04,0.00,16.60,4.87,6.20,48.81
301662,宏工科技,70.05,+0.00,2.97,0.00,68.74,1.91,6.22,48.36
688469,芯联集成,9.00,+0.00,3.21,0.00,8.46,6.37,7.69,48.05
605378,野马电池,16.58,+0.00,3.67,0.00,14.00,18.46,1.84,47.69
002524,光正眼科,4.20,+0.00,2.43,0.00,3.86,8.71,4.11,47.67
000006,深振业Ａ,7.62,+0.00,1.83,0.00,6.87,10.98,0.26,47.50
600982,宁波能源,5.49,+0.00,1.67,0.00,4.97,10.44,0.00,47.48
300984,金沃股份,32.90,+0.00,1.91,0.00,33.10,0.60,1.79,47.33
301487,盟固利,15.82,+0.00,2.34,0.00,16.06,1.47,4.00,47.22
603037,凯众股份,10.44,+0.00,2.04,0.00,9.96,4.83,2.88,46.79
300213,佳讯飞鸿,6.61,+0.00,1.82,0.00,6.24,5.92,1.78,46.77
301578,辰奕智能,23.98,+0.00,2.20,0.00,22.40,7.05,3.77,46.69
688567,孚能科技,9.09,+0.00,2.04,0.00,9.48,4.08,3.19,46.39
301325,曼恩斯特,31.78,+0.00,1.76,0.00,30.31,4.85,1.82,46.35
000665,湖北广电,4.18,+0.00,2.08,0.00,3.96,5.55,3.46,46.32
301063,海锅股份,19.14,+0.00,1.75,0.00,17.29,10.72,1.14,46.29
001914,招商积余,9.36,+0.00,1.53,0.00,8.81,6.30,0.74,46.27
688707,振华新材,10.29,+0.00,2.05,0.00,10.37,0.77,3.38,46.24
300073,当升科技,37.99,+0.00,2.66,0.00,40.42,6.01,6.54,46.10
002058,紫竹高科,18.36,+0.00,1.59,0.00,16.60,10.57,0.76,45.94
688155,先惠技术,54.35,+0.00,2.10,0.00,57.06,4.75,4.08,45.68
002331,皖通科技,7.04,+0.00,2.22,0.00,6.87,2.51,4.74,45.63
301617,博苑新材,54.99,+0.00,1.54,0.00,49.70,10.64,0.87,45.43
002439,启明星辰,14.94,+0.00,1.56,0.00,13.69,9.10,1.71,45.31
600376,首开股份,3.39,+0.00,1.74,0.00,3.53,3.92,2.87,44.98
300366,ST创意,5.58,+0.00,1.86,0.00,4.99,11.78,2.11,44.52
000068,华控赛格,3.54,+0.00,2.67,0.00,3.00,18.01,0.00,44.41
600658,电子城,4.24,+0.00,1.52,0.00,3.99,6.15,2.30,44.38
600032,浙江新能,8.17,+0.00,2.16,0.00,7.07,15.56,0.00,44.30
300626,华瑞股份,29.77,+0.00,1.79,0.00,28.92,2.92,3.84,44.11
000965,天保基建,3.49,+0.00,1.63,0.00,3.20,9.06,3.32,43.81
688573,信宇人,16.96,+0.00,1.87,0.00,15.68,8.19,4.56,43.78
600719,大连热电,8.18,+0.00,1.60,0.00,7.42,10.31,2.97,43.65
300133,华策影视,7.68,+0.00,1.55,0.00,7.17,7.13,3.15,43.51
001226,拓山重工,47.83,+0.00,1.60,0.00,44.03,8.63,3.41,43.48
002494,华斯股份,5.32,+0.00,1.73,0.00,4.66,14.16,0.00,43.41
603500,祥和实业,10.44,+0.00,1.69,0.00,9.33,11.90,2.06,43.36
002232,启明信息,17.15,+0.00,2.73,0.00,14.49,18.32,0.92,43.26
603693,江苏新能,12.71,+0.00,2.01,0.00,11.88,6.96,5.71,43.21
300713,英可瑞,14.26,+0.00,1.58,0.00,12.79,11.45,2.13,43.17
301002,崧盛股份,28.07,+0.00,1.60,0.00,28.93,2.99,4.10,42.70
603390,通达电气,11.32,+0.00,1.79,0.00,10.07,12.40,2.75,42.57
603188,亚邦股份,4.91,+0.00,2.59,0.00,4.38,12.23,7.01,42.43
600686,金龙汽车,11.26,+0.00,1.87,0.00,11.22,0.40,5.70,42.41
605388,均瑶健康,6.72,+0.00,1.88,0.00,5.80,15.89,0.00,42.22
688793,倍轻松,18.80,+0.00,1.72,0.00,17.79,5.65,5.24,42.04
300584,海辰药业,30.70,+0.00,1.89,0.00,32.42,5.31,6.57,41.46
300643,万通智控,18.22,+0.00,1.63,0.00,18.10,0.67,5.25,41.45
300850,新强联,32.00,+0.00,2.21,0.00,27.02,18.42,0.00,41.14
688499,利元亨,41.54,+0.00,2.47,0.00,35.50,17.01,3.40,40.34
688116,天奈科技,33.73,+0.00,1.62,0.00,33.41,0.94,6.44,39.99
300785,值得买,37.11,+0.00,1.72,0.00,35.82,3.60,6.99,39.91
688339,亿华通,19.92,+0.00,1.91,0.00,17.52,13.69,4.60,39.52
300490,华自科技,10.65,+0.00,1.69,0.00,11.30,5.75,7.63,39.00
603458,勘设股份,10.90,+0.00,1.97,0.00,9.44,15.44,4.39,38.03
600984,建设机械,3.58,+0.00,1.58,0.00,3.77,5.05,8.21,37.65
603527,众源新材,9.84,+0.00,1.52,0.00,9.77,0.73,8.04,37.45
002882,金龙羽,24.51,+0.00,1.90,0.00,21.17,15.75,5.00,36.46
300237,ST美晨,2.38,+0.00,1.80,0.00,2.07,15.03,6.30,35.20