code,name,limit_pct,launch_date,end_date,run_length,max_obs_days,total_shares,pre_ret20,pre_vol,pre_amp,vol_ratio_l5_f10,vol_min_ratio,max_dd,gap_ups,ma_align,dist_from_high,last3_ret,last_day_vol_ratio,exch_avg,launch_price,launch_mcap_yi,ma5,ma10,ma20
sh601991,大唐发电,0.1,2026-05-06,2026-05-13,6,6,18506710504.0,0.08533333333333348,0.023334673411256775,0.18614270941054803,1.5993874368265608,0.535406655422093,0.04126213592233008,0,1,-0.055684454756380355,0.0277777777777779,1.2016249761697215,1.3699999999999999,4.49,830.9513016296,4.032,4.003,3.868
sz002918,蒙娜丽莎,0.1,2026-05-08,2026-05-15,6,6,408819913.0,-0.04132231404958686,0.025131415314227214,0.14594666312856563,1.1722110705785116,0.5946363158993566,0.1219512195121952,0,0,-0.13289036544850497,-0.05861136158701541,1.2149585924599686,2.9530000000000003,11.49,46.9734080037,10.828,11.093,11.305499999999999
sz002856,*ST美芝,0.05,2026-05-11,2026-05-15,5,5,135312808.0,0.28116469517743403,0.035807039029468905,0.33694148286807196,2.649363907648814,0.39967855655180634,0.05577689243027897,3,1,-0.034955448937628496,0.021770682148040787,2.0191096655439904,6.569,14.78,19.9992330224,13.84,13.11,12.287
sz001259,利仁科技,0.1,2026-05-11,2026-05-20,8,8,73588888.0,0.18144525086778152,0.018768814994968835,0.23221480638513828,2.7833834552717804,0.505437732297313,0.03281792363521624,0,1,-0.009785770960063596,0.09409701928696657,1.2171176927251866,3.0614999999999997,41.2,30.318621856000004,35.61,33.842,32.513
sz002514,*ST宝馨,0.05,2026-05-11,2026-05-20,8,8,720034264.0,-0.30641330166270786,0.03916728042836293,0.3911375170194331,0.5186374817855631,0.06969611025325896,0.3482142857142858,0,0,-0.35111111111111115,-0.14117647058823535,1.0696165776051068,2.4050000000000002,3.07,22.1050519048,3.28,3.726,4.0395
sh603378,*ST亚士,0.05,2026-05-12,2026-05-18,5,5,428596642.0,-0.20216606498194944,0.033243134108908334,0.2918069584736251,2.2181283973213843,0.015237787088544221,0.2366148531951641,0,0,-0.23924268502581753,-0.1070707070707071,8.223234673945242,2.134,4.64,19.8868841888,4.75,5.193,5.346
sh603779,威龙股份,0.1,2026-05-13,2026-05-21,7,7,332082754.0,0.21138211382113825,0.035501952062374977,0.274037325773683,3.488465624635114,0.3301392234630747,0.05853658536585371,0,1,-0.005340453938584784,0.1640625,3.5575487900516922,3.214,8.2,27.230785828,6.82,6.5409999999999995,6.3495
sh600162,香江控股,0.1,2026-05-25,2026-05-29,5,5,3268438122.0,-0.016949152542372947,0.022569680171953134,0.14762165117550574,0.8792274471279494,0.5439340694378019,0.10309278350515462,0,0,-0.11675126903553298,-0.05945945945945952,1.1441948844997232,1.236,1.91,62.427168130199995,1.794,1.842,1.829
sh600726,华电能源,0.1,2026-05-25,2026-05-29,5,5,7907336210.0,0.313152400835073,0.06696447503411596,0.6605077471448317,0.4738759170677054,0.32576617099836463,0.269185360094451,2,0,-0.3057395143487859,-0.10142857142857142,0.32576617099836463,5.229,6.92,547.1876657319999,6.578,7.248,6.8735
sz002323,*ST雅博,0.05,2026-05-25,2026-06-01,6,6,2120855142.0,-0.44976076555023925,0.03471899507320433,0.695538057742782,2.9905728989307288,0.015383001342706544,0.44976076555023925,0,0,-0.46511627906976744,-0.08730158730158732,1.1609812492540346,5.617,1.21,25.662347218199997,1.194,1.247,1.524
sh600745,*ST闻泰,0.05,2026-05-25,2026-06-02,7,7,1273869249.0,-0.4438722966014418,0.03020953538147008,0.6906991328417275,2.270807204343408,0.017231725644393094,0.4516792323509253,0,0,-0.48026948989412904,-0.038004750593824244,3.2945164100203037,2.544,17.01,216.68515925490001,16.714,18.72,23.1215
sh600265,*ST景谷,0.05,2026-05-26,2026-06-03,7,7,129800000.0,-0.006422924901185678,0.026837363327144658,0.18740768094534724,0.4395834596662605,0.07613038439179007,0.1365392872477458,2,0,-0.15822519882796154,-0.048722800378429576,0.8550597453186849,1.0390000000000001,21.12,27.41376,20.71,21.253999999999998,21.663999999999998
sh600403,大有能源,0.1,2026-06-01,2026-06-08,6,6,2390812402.0,-0.14551607445008463,0.01700198890171875,0.19496045613389731,1.0370773621668277,0.693556923694441,0.15228426395939093,1,0,-0.1526845637583893,-0.007858546168958758,1.0610057382932647,0.7905,5.56,132.92916955119998,5.068,5.189,5.436999999999999
sz002717,*ST岭南,0.05,2026-06-02,2026-06-08,5,5,1820233558.0,-0.33576642335766427,0.030132421522601167,0.48843187660668375,1.972790628636617,0.10328738782487573,0.3525179856115107,0,0,-0.3636363636363636,0.011111111111111072,1.6873785292516552,4.833,0.96,17.4742421568,0.922,1.011,1.167
sh600537,*ST亿晶,0.05,2026-06-11,2026-06-17,5,5,1183715018.0,-0.3275862068965517,0.02927752497545886,0.4060575802962224,0.9980317787244563,0.5368489268773415,0.32758620689655177,0,0,-0.33898305084745767,-0.1268656716417912,1.1188030594451333,3.4155,2.46,29.119389442799996,2.548,2.788,3.0044999999999997
sh600353,旭光电子,0.1,2026-06-15,2026-06-22,5,5,828811159.0,0.3629453681710213,0.062153179328409795,0.4685038564618753,1.2542833080448013,0.6883603255577599,0.10004050222762262,1,1,-0.11093895258754266,0.0996550402453047,1.552956744699617,8.878499999999999,31.56,261.57280178039997,27.298000000000002,25.887999999999998,24.439500000000002
sh600397,江钨装备,0.1,2026-06-16,2026-06-23,5,5,989959882.0,0.10407569141193584,0.030658210375980318,0.20462213837390708,1.660823260763245,0.4845154082290787,0.07059679767103352,1,1,-0.026940346375881972,0.09768451519536892,1.7014547680277632,4.728,16.69,165.22430430580002,14.408000000000001,14.084,13.7815
sh603595,ST东尼,0.05,2026-06-18,2026-06-26,6,6,232442326.0,0.29106223678053333,0.032286677128357075,0.2809274677849479,0.9684128669367592,0.27015286276926076,0.08395158141351029,2,1,-0.022324592487597415,0.08238524911730094,0.8802741201580712,1.9415,28.97,67.33854184219999,26.216,25.261000000000003,24.561500000000002
sz002674,兴业科技,0.1,2026-06-18,2026-06-29,7,6,295550944.0,0.10906612133605997,0.0350996712472278,0.20790696163466846,1.403529616292065,0.4840240881021803,0.09392611145898559,0,1,-0.06386651323360182,0.016874999999999973,1.7111654160113565,3.8385,17.9,52.903618976,16.148000000000003,15.725999999999999,15.391499999999999
sz002822,ST中装,0.05,2026-06-23,2026-07-01,7,7,1950000000.0,-0.2119205298013246,0.014248027499738044,0.25397961008764086,1.5852985769870123,0.5941188714755292,0.21192052980132453,0,0,-0.2297734627831715,-0.06666666666666665,1.5859467827685796,0.8619999999999999,2.5,48.75,2.5100000000000002,2.6149999999999998,2.7954999999999997
sh600180,*ST瑞茂,0.05,2026-06-26,2026-07-02,5,5,1086627464.0,-0.19402985074626866,0.03982343450689912,0.40846639435573695,0.4083767872714887,0.11684559675712078,0.3374233128834355,4,0,-0.3374233128834355,-0.09999999999999987,0.11684559675712078,3.9575000000000005,1.13,12.278890343199999,1.17,1.239,1.3465
sz002175,*ST东智,0.05,2026-06-22,2026-07-06,6,5,1276780727.0,-0.1992187500000001,0.03216270627773232,0.3376729048006509,0.8156152984768893,0.5618036120912931,0.262589928057554,0,0,-0.2730496453900709,-0.06818181818181834,1.0709888987116465,2.5460000000000003,2.15,27.450785630499997,2.138,2.256,2.458
sz000078,ST海王,0.05,2026-07-01,2026-07-08,6,6,2631123257.0,-0.3027027027027027,0.03258919031410326,0.4311454311454311,0.7104005691152122,0.29230413660061716,0.3027027027027027,1,0,-0.33505154639175255,-0.058394160583941646,0.8694849044387557,3.4445,1.35,35.520163969500004,1.366,1.437,1.554
sh603137,恒尚节能,0.1,2026-06-15,2026-07-09,8,7,182933334.0,-0.1509025270758123,0.019180733885441104,0.2154186064862306,0.6839693059609954,0.5863423163011501,0.16678700361010834,0,0,-0.15577889447236182,0.007712082262210762,1.0196033853257442,1.0095,12.94,23.6715734196,11.656,11.962,12.673
sh600793,宜宾纸业,0.1,2026-07-01,2026-07-07,5,5,176904002.0,-0.14741318214032606,0.036504712041212604,0.25631274718588387,1.6624974758594853,0.5388250835897778,0.16725726435152372,0,0,-0.18716216216216225,-0.014742014742014864,0.7658615763521575,2.7600000000000002,13.23,23.4043994646,12.144,12.64,13.148
sh600664,哈药股份,0.1,2026-07-10,2026-07-16,5,5,2518509876.0,-0.009708737864077555,0.024027016045050156,0.1423257318453825,1.0737544499350509,0.6078104470644028,0.0815047021943573,0,0,-0.06707317073170725,-0.037735849056603765,0.8204985206424706,1.855,3.37,84.8737828212,3.1079999999999997,3.0740000000000003,3.0915
sz001258,立新能源,0.1,2026-07-16,2026-07-23,6,6,933333334.0,-0.10588235294117654,0.02215966948603713,0.21522347370686565,0.7589348570638819,0.5622522292931941,0.1516339869281046,0,0,-0.13087674714104197,0.0239520958083832,1.3853488629711843,1.7710000000000001,7.52,70.18666671679999,6.614,6.742,6.969499999999999
sz002879,长缆科技,0.1,2026-07-21,2026-07-27,5,5,193107640.0,-0.14375000000000004,0.02374422278035582,0.21721854304635754,0.9853909617733845,0.7108843059621972,0.14375000000000002,0,0,-0.178,-0.04195804195804187,1.096658191574541,3.6340000000000003,13.56,26.185395984,12.692,12.819999999999999,13.2125
sh603221,爱丽家居,0.1,2026-07-21,2026-08-06,10,9,242270000.0,-0.1640350877192983,0.04220378365125006,0.2926471262786112,0.940951224637512,0.470843401000742,0.20715474209650586,1,0,-0.2412420382165606,-0.1625659050966609,1.053201676781898,1.6275,10.49,25.414123,10.796,11.293000000000001,10.9005
sz003032,传智教育,0.1,2026-07-27,2026-08-05,8,8,402447500.0,0.060077519379844846,0.02839671363812715,0.19158527422990243,1.172809792805713,0.5603089063161288,0.0794824399260628,2,1,-0.07445008460236893,0.009225092250922495,0.5747693552023968,5.5115,6.02,24.2273395,5.482,5.4079999999999995,5.324
sh605179,一鸣食品,0.1,2026-07-28,2026-08-03,5,5,401000000.0,0.05250596658711215,0.03721752272793496,0.25889247431475093,3.81409457639492,0.3028248705874757,0.1719745222929936,0,0,-0.17105263157894737,-0.07804878048780484,0.8580270664778591,1.4285,14.55,58.3455,13.746,13.959,13.480500000000001
sz002827,高争民爆,0.1,2026-07-29,2026-08-04,5,5,277046000.0,0.06516393442622959,0.033626884753295755,0.16589442329968565,1.4432516327487153,0.597884187346369,0.08815204205418518,0,1,-0.008393742846241984,0.021218074656188524,1.9914618449715673,1.5290000000000001,28.59,79.2074514,24.907999999999998,24.678,24.172
sz002963,豪尔赛,0.1,2026-07-31,2026-08-06,5,5,150359930.0,-0.4303317535545025,0.04498412006820204,0.6345113822160735,1.0127646097377514,0.5439190057150652,0.4303317535545024,0,0,-0.44811753902663,-0.12134502923976609,1.0090797867769459,4.5885,13.22,19.877582746,12.95,13.224,15.902000000000001
sh600721,百花医药,0.1,2026-08-04,2026-08-12,7,7,384547635.0,0.05882352941176472,0.04849684787131561,0.2761172786791916,0.7705879849907324,0.2790264683986378,0.20577617328519865,0,0,-0.13461538461538464,0.019830028328611915,0.6514823602425838,5.564500000000001,7.92,30.456172692,7.042,6.9430000000000005,7.026000000000001
sz002552,宝鼎科技,0.1,2026-08-04,2026-08-10,5,5,387985331.0,-0.42571983748454345,0.06657292214076192,0.8461712366372768,0.8758204299924227,0.5216244044312656,0.5063526495196777,3,0,-0.5420481757994083,-0.07668276057938095,1.2986404705450194,5.1579999999999995,35.76,138.7435543656,34.236000000000004,37.352999999999994,46.4445
sh600272,开开实业,0.1,2026-08-06,2026-08-12,5,5,262651945.0,0.01804368471035156,0.02427608535233583,0.16662766206412366,0.6251902195403098,0.6411452922220853,0.13459879206212255,0,0,-0.08610400682011933,0.02387774594078329,0.7770284151273427,2.1295,11.79,30.966664315499997,10.614,10.449,10.682500000000001
sh603758,秦安股份,0.1,2026-08-07,2026-08-13,5,5,433116049.0,-0.008324661810613976,0.02464320750423061,0.17408441451798323,1.0119667666672645,0.6298093101514302,0.11030176899063462,0,1,-0.04509018036072155,0.0052742616033754075,2.2539259674705554,0.8205,10.48,45.390561935200004,9.394,9.163,9.1335
sz300862,蓝盾光电,0.2,2026-08-10,2026-08-14,5,5,184617902.0,-0.06813725490196065,0.045477321147831797,0.39760333545020293,2.058504245249796,0.4949776805754569,0.26919385796545103,0,0,-0.10330188679245272,0.24086161879895562,3.1160286866553903,3.6770000000000005,22.81,42.111343446199996,16.708000000000002,16.686,18.1085
sz002412,汉森制药,0.1,2026-08-19,2026-08-25,5,5,503200000.0,0.14008941877794334,0.032873438447087275,0.2879820186837113,0.5205710692691611,0.5100808154842258,0.11111111111111115,1,1,-0.057881773399014645,0.042234332425068244,0.9252711667994074,8.619499999999999,8.42,42.36944,7.4239999999999995,7.289,7.1185
sz000017,深中华A,0.1,2026-08-20,2026-08-28,7,7,689184933.0,0.033450704225352235,0.01799868636002577,0.21091090259902012,0.5435261737039693,0.45813988253212384,0.0682539682539682,0,0,-0.07993730407523508,-0.021666666666666612,0.7840363279481252,2.0945,6.46,44.5213466718,5.982,6.090999999999999,6.0215
sz003040,楚天龙,0.1,2026-08-21,2026-08-27,5,5,461135972.0,0.1537698412698414,0.0373702241687621,0.3062773849290703,1.2633044427138183,0.5224008157082276,0.1717557251908397,1,0,-0.14042867701404277,-0.01273344651952446,1.577639292187442,4.233,12.79,58.97929081879999,11.506,12.007,11.5255
sz002084,海鸥住工,0.1,2026-08-24,2026-09-01,7,7,646056040.0,0.06528189910979232,0.02723058407661903,0.1814988290398127,1.960089404156533,0.5600625908083875,0.05322128851540615,0,0,-0.016438356164383577,0.055882352941176494,2.330447621873816,3.3225000000000002,3.95,25.51921358,3.474,3.4909999999999997,3.4159999999999995
sh600371,万向德农,0.1,2026-08-25,2026-09-01,6,6,292578000.0,0.22550544323483668,0.042564845127871426,0.43933483884212676,6.572269640185557,0.2424873770005317,0.1351955307262569,1,1,-0.17313746065057709,-0.11955307262569825,2.634309473403415,4.727,8.67,25.3665126,8.262,7.758,7.3065
sz002855,捷荣技术,0.1,2026-08-25,2026-09-01,6,6,246419682.0,0.08932461873638342,0.017505133659501303,0.1337047353760446,0.7357257334743406,0.5970549597573647,0.042156862745098014,0,0,-0.029126213592233077,0.023541453428863823,1.0280009888975248,1.2565,11,27.10616502,10.026,10.062999999999999,9.872499999999999
sh600540,新赛股份,0.1,2026-08-27,2026-09-02,5,5,581376960.0,0.2192982456140351,0.03670846386629963,0.266429840142096,0.9134862474926879,0.3531473454132352,0.07925407925407922,1,1,-0.06081081081081091,0.05569620253164542,0.7375379963968924,7.075,4.59,26.685202464,4.07,4.051,3.9410000000000003
sh601086,国芳集团,0.1,2026-08-28,2026-09-03,5,5,666000000.0,-0.041719342604298326,0.016903759169924853,0.13286489939316512,0.3615209341047608,0.3940455945672024,0.09157509157509147,0,0,-0.08121212121212121,0.018817204301075252,0.5912426968911607,2.0685,8.34,55.5444,7.526000000000001,7.656999999999999,7.827500000000001
sh605577,龙版传媒,0.1,2026-08-31,2026-09-07,6,6,444444445.0,-0.01831129196337744,0.030721753947244093,0.16199694345389706,1.6171730426297901,0.4663045307891505,0.11059479553903341,0,0,-0.11710887465690754,-0.034034034034034044,0.7689099356298088,1.357,10.62,47.200000059,9.718,9.895,9.815000000000001
sh600865,百大集团,0.1,2026-09-03,2026-09-09,5,5,376240316.0,0.06955530216647676,0.02499104424592401,0.17250070008400997,2.0382664986092065,0.5364273404324735,0.06892778993435457,0,1,-0.057286432160803875,0.011866235167206085,2.081533066273284,2.0755,10.32,38.8280006112,9.278,8.978,8.9275
