code,name,score,mcap_yi,price,pre_ret20,pre_amp,vol_ratio_l5_f10,max_dd,dist_from_high,last3_ret,ma_align,exch_avg
sh603725,天安新材,100.0000,36.6700,12.0300,0.0189,0.2220,1.3369,0.0917,-0.0804,-0.0423,1,0.0000
sz300977,深圳瑞捷,100.0000,30.5500,19.9400,0.0648,0.2533,1.0468,0.1145,-0.1250,0.0075,0,0.0000
sz300291,百纳千成,100.0000,47.9400,5.0900,-0.1105,0.2506,1.6245,0.1910,-0.2069,-0.1855,0,0.0000
sz300120,经纬辉开,100.0000,43.4800,7.5700,-0.0965,0.2938,0.9866,0.1334,-0.2033,-0.0425,0,0.0000
sz300947,德必集团,100.0000,24.1100,15.9500,0.0333,0.2064,1.0813,0.0971,-0.0821,-0.0212,0,0.0000
sz002995,天地在线,100.0000,30.7500,17.3300,-0.0776,0.1870,0.8889,0.1258,-0.1471,-0.0755,0,0.0000
sh603999,读者传媒,100.0000,38.3000,6.6500,0.0929,0.2593,1.0048,0.1385,-0.1289,-0.0689,1,0.0000
sz300501,海顺新材,100.0000,30.3200,10.9000,-0.0048,0.1804,1.3435,0.1305,-0.0333,0.0920,0,0.0000
sz300987,川网传媒,100.0000,25.2900,14.5900,-0.0064,0.2115,1.3510,0.0831,-0.1322,-0.0757,1,0.0000
sz300717,华信新材,100.0000,20.2800,19.7300,0.0166,0.1652,1.8514,0.0925,-0.0509,-0.0021,0,0.0000
sh603159,上海亚虹,100.0000,32.0900,22.9200,0.0050,0.2136,1.7252,0.0994,-0.1536,-0.0213,0,0.0000
sz300612,宣亚国际,100.0000,22.7500,12.4300,-0.0354,0.1508,0.9492,0.1061,-0.0756,-0.0559,0,0.0000
sz300991,创益通,100.0000,39.0800,27.1400,-0.0966,0.2622,1.0509,0.1709,-0.2179,-0.1513,0,0.0000
sz301222,浙江恒威,100.0000,36.1900,25.7900,-0.0119,0.1760,1.9370,0.0829,-0.0945,-0.0829,1,0.0000
sz300616,尚品宅配,100.0000,24.4300,10.8800,-0.0214,0.1616,1.6092,0.0991,-0.0756,-0.0540,0,0.0000
sz300522,世名科技,100.0000,47.1700,14.6300,-0.0201,0.2040,1.9104,0.1079,-0.1101,-0.0673,1,0.0000
sh603390,通达电气,96.1000,39.8000,11.3200,0.0479,0.1618,0.8483,0.0719,-0.0869,-0.0165,0,0.0000
sz300410,正业科技,96.1000,32.3800,8.8200,0.0133,0.1752,1.3648,0.0690,-0.0942,-0.0456,0,0.0000
sh603578,三星新材,96.1000,33.6600,14.3800,0.0322,0.1611,1.0236,0.0673,-0.0548,-0.0185,1,0.0000
sz001367,海森药业,96.1000,33.8400,22.2100,0.0655,0.1715,1.3269,0.0568,-0.0621,-0.0009,1,0.0000
sh600721,百花医药,95.8000,49.8000,12.1800,-0.1632,0.5096,1.3556,0.3096,-0.2250,-0.0175,0,0.0000
sh605398,新炬网络,95.8000,37.6900,23.1600,0.0562,0.4212,0.9226,0.2783,-0.2432,-0.0609,0,0.0000
sz300340,科恒股份,93.2000,25.2900,9.1800,-0.0588,0.1073,1.2615,0.0817,-0.0862,-0.0407,0,0.0000
sz300713,英可瑞,93.2000,22.6500,14.2600,-0.0125,0.1360,1.9990,0.0850,-0.0504,-0.0374,0,0.0000
sz000665,湖北广电,93.2000,47.5300,4.1800,-0.0319,0.1043,1.0073,0.0837,-0.0901,-0.0552,0,0.0000
